<?xml version="1.0"?>
<opencv_storage>
<stage7>
  <maxWeakCount>17</maxWeakCount>
  <stageThreshold>-1.1790999174118042e+00</stageThreshold>
  <weakClassifiers>
    <_>
      <internalNodes>
        0 -1 10849 1.1446170508861542e-01</internalNodes>
      <leafValues>
        3.9913544058799744e-01 -7.2641509771347046e-01</leafValues></_>
    <_>
      <internalNodes>
        0 -1 21364 -4.8918994143605232e-03</internalNodes>
      <leafValues>
        7.2829043865203857e-01 -2.2315324842929840e-01</leafValues></_>
    <_>
      <internalNodes>
        0 -1 94721 -2.5638047605752945e-02</internalNodes>
      <leafValues>
        3.6788865923881531e-01 -4.8602133989334106e-01</leafValues></_>
    <_>
      <internalNodes>
        0 -1 18402 -7.2000816464424133e-02</internalNodes>
      <leafValues>
        2.9565119743347168e-01 -6.3480681180953979e-01</leafValues></_>
    <_>
      <internalNodes>
        0 -1 28704 7.3622504714876413e-04</internalNodes>
      <leafValues>
        -3.2326796650886536e-01 4.7588986158370972e-01</leafValues></_>
    <_>
      <internalNodes>
        0 -1 119999 2.2098811343312263e-02</internalNodes>
      <leafValues>
        -3.8193479180335999e-01 4.1441145539283752e-01</leafValues></_>
    <_>
      <internalNodes>
        0 -1 69859 1.5834516379982233e-03</internalNodes>
      <leafValues>
        -2.7886500954627991e-01 6.4658254384994507e-01</leafValues></_>
    <_>
      <internalNodes>
        0 -1 6954 -7.7582482481375337e-04</internalNodes>
      <leafValues>
        3.9795246720314026e-01 -4.4889685511589050e-01</leafValues></_>
    <_>
      <internalNodes>
        0 -1 99887 -2.0210430957376957e-03</internalNodes>
      <leafValues>
        7.5392562150955200e-01 -2.7430516481399536e-01</leafValues></_>
    <_>
      <internalNodes>
        0 -1 36266 8.8009405881166458e-03</internalNodes>
      <leafValues>
        -1.5667572617530823e-01 7.7259171009063721e-01</leafValues></_>
    <_>
      <internalNodes>
        0 -1 88878 -1.5802399720996618e-03</internalNodes>
      <leafValues>
        7.1956944465637207e-01 -1.9821430742740631e-01</leafValues></_>
    <_>
      <internalNodes>
        0 -1 18809 -3.9446703158318996e-03</internalNodes>
      <leafValues>
        5.2833026647567749e-01 -3.0327406525611877e-01</leafValues></_>
    <_>
      <internalNodes>
        0 -1 122766 -5.4376833140850067e-03</internalNodes>
      <leafValues>
        6.9446206092834473e-01 -1.8855015933513641e-01</leafValues></_>
    <_>
      <internalNodes>
        0 -1 71148 -2.7672380208969116e-02</internalNodes>
      <leafValues>
        3.9679256081581116e-01 -3.8235244154930115e-01</leafValues></_>
    <_>
      <internalNodes>
        0 -1 92880 -1.2359790503978729e-02</internalNodes>
      <leafValues>
        2.6292699575424194e-01 -5.8595019578933716e-01</leafValues></_>
    <_>
      <internalNodes>
        0 -1 11732 -2.7279600035399199e-03</internalNodes>
      <leafValues>
        9.3366467952728271e-01 -1.7751331627368927e-01</leafValues></_>
    <_>
      <internalNodes>
        0 -1 122675 -1.7700081225484610e-03</internalNodes>
      <leafValues>
        3.8455894589424133e-01 -4.0659502148628235e-01</leafValues></_></weakClassifiers></stage7>
</opencv_storage>
