<?xml version="1.0"?>
<opencv_storage>
<stage9>
  <maxWeakCount>15</maxWeakCount>
  <stageThreshold>-1.6741478443145752e+00</stageThreshold>
  <weakClassifiers>
    <_>
      <internalNodes>
        0 -1 108540 -1.8024574965238571e-02</internalNodes>
      <leafValues>
        4.5894554257392883e-01 -6.2989324331283569e-01</leafValues></_>
    <_>
      <internalNodes>
        0 -1 20730 3.5695239901542664e-02</internalNodes>
      <leafValues>
        -6.2228733301162720e-01 2.7540352940559387e-01</leafValues></_>
    <_>
      <internalNodes>
        0 -1 96844 -4.2846044525504112e-03</internalNodes>
      <leafValues>
        -8.2475966215133667e-01 1.6742466390132904e-01</leafValues></_>
    <_>
      <internalNodes>
        0 -1 11957 -2.8479773551225662e-02</internalNodes>
      <leafValues>
        2.9870960116386414e-01 -5.6064832210540771e-01</leafValues></_>
    <_>
      <internalNodes>
        0 -1 28450 -7.0395119488239288e-02</internalNodes>
      <leafValues>
        3.3834341168403625e-01 -5.0384783744812012e-01</leafValues></_>
    <_>
      <internalNodes>
        0 -1 118969 -3.4193389117717743e-02</internalNodes>
      <leafValues>
        3.4972518682479858e-01 -4.6228030323982239e-01</leafValues></_>
    <_>
      <internalNodes>
        0 -1 109335 1.2499883770942688e-02</internalNodes>
      <leafValues>
        1.6821312904357910e-01 -7.7291995286941528e-01</leafValues></_>
    <_>
      <internalNodes>
        0 -1 109091 -3.4255079925060272e-02</internalNodes>
      <leafValues>
        -8.6883544921875000e-01 1.5619574487209320e-01</leafValues></_>
    <_>
      <internalNodes>
        0 -1 54816 -4.0425062179565430e-03</internalNodes>
      <leafValues>
        4.7543573379516602e-01 -3.0213147401809692e-01</leafValues></_>
    <_>
      <internalNodes>
        0 -1 80205 -1.9775412976741791e-02</internalNodes>
      <leafValues>
        -8.2426875829696655e-01 1.4241047203540802e-01</leafValues></_>
    <_>
      <internalNodes>
        0 -1 9860 4.1045286343432963e-04</internalNodes>
      <leafValues>
        1.8453028798103333e-01 -6.1303895711898804e-01</leafValues></_>
    <_>
      <internalNodes>
        0 -1 106080 2.6228948627249338e-05</internalNodes>
      <leafValues>
        -3.6950609087944031e-01 3.7463691830635071e-01</leafValues></_>
    <_>
      <internalNodes>
        0 -1 124803 -5.0924462266266346e-04</internalNodes>
      <leafValues>
        -6.3700628280639648e-01 1.8719039857387543e-01</leafValues></_>
    <_>
      <internalNodes>
        0 -1 86240 2.9944703783257864e-05</internalNodes>
      <leafValues>
        -3.1701439619064331e-01 3.7221831083297729e-01</leafValues></_>
    <_>
      <internalNodes>
        0 -1 108442 -1.3828290626406670e-02</internalNodes>
      <leafValues>
        -6.8938815593719482e-01 1.8980565667152405e-01</leafValues></_></weakClassifiers></stage9>
</opencv_storage>
