<?xml version="1.0"?>
<opencv_storage>
<stage8>
  <maxWeakCount>15</maxWeakCount>
  <stageThreshold>-1.2093272209167480e+00</stageThreshold>
  <weakClassifiers>
    <_>
      <internalNodes>
        0 -1 55955 -8.7297171354293823e-02</internalNodes>
      <leafValues>
        7.8504675626754761e-01 -1.0855949670076370e-01</leafValues></_>
    <_>
      <internalNodes>
        0 -1 118999 4.0849723154678941e-04</internalNodes>
      <leafValues>
        -2.7816843986511230e-01 5.9053385257720947e-01</leafValues></_>
    <_>
      <internalNodes>
        0 -1 55710 2.5114105083048344e-03</internalNodes>
      <leafValues>
        -2.4480879306793213e-01 7.7166914939880371e-01</leafValues></_>
    <_>
      <internalNodes>
        0 -1 77693 2.5005895644426346e-02</internalNodes>
      <leafValues>
        -6.8555760383605957e-01 2.9613733291625977e-01</leafValues></_>
    <_>
      <internalNodes>
        0 -1 38899 9.2216841876506805e-03</internalNodes>
      <leafValues>
        -2.8888791799545288e-01 7.4576592445373535e-01</leafValues></_>
    <_>
      <internalNodes>
        0 -1 75078 -6.5590897575020790e-03</internalNodes>
      <leafValues>
        6.9313192367553711e-01 -2.3881711065769196e-01</leafValues></_>
    <_>
      <internalNodes>
        0 -1 15394 -2.4566277861595154e-03</internalNodes>
      <leafValues>
        5.9993249177932739e-01 -3.0066654086112976e-01</leafValues></_>
    <_>
      <internalNodes>
        0 -1 63270 -5.5541275069117546e-03</internalNodes>
      <leafValues>
        7.6460117101669312e-01 -2.0826859772205353e-01</leafValues></_>
    <_>
      <internalNodes>
        0 -1 101548 -1.7704766942188144e-03</internalNodes>
      <leafValues>
        8.5619354248046875e-01 -1.9013737142086029e-01</leafValues></_>
    <_>
      <internalNodes>
        0 -1 39695 -2.9946632683277130e-02</internalNodes>
      <leafValues>
        5.0272387266159058e-01 -3.3894798159599304e-01</leafValues></_>
    <_>
      <internalNodes>
        0 -1 13463 -1.0656956583261490e-02</internalNodes>
      <leafValues>
        4.1919484734535217e-01 -4.4007021188735962e-01</leafValues></_>
    <_>
      <internalNodes>
        0 -1 64035 -3.6688018590211868e-03</internalNodes>
      <leafValues>
        6.7531824111938477e-01 -2.4671976268291473e-01</leafValues></_>
    <_>
      <internalNodes>
        0 -1 6066 -4.0931224822998047e-02</internalNodes>
      <leafValues>
        -8.5417085886001587e-01 2.1685387194156647e-01</leafValues></_>
    <_>
      <internalNodes>
        0 -1 28892 -2.4350944906473160e-02</internalNodes>
      <leafValues>
        -7.2797453403472900e-01 2.1417742967605591e-01</leafValues></_>
    <_>
      <internalNodes>
        0 -1 19364 2.9128014575690031e-03</internalNodes>
      <leafValues>
        1.9397328794002533e-01 -9.0543025732040405e-01</leafValues></_></weakClassifiers></stage8>
</opencv_storage>
