<?xml version="1.0"?>
<opencv_storage>
<stage6>
  <maxWeakCount>12</maxWeakCount>
  <stageThreshold>-9.2301863431930542e-01</stageThreshold>
  <weakClassifiers>
    <_>
      <internalNodes>
        0 -1 35256 -6.5365895628929138e-02</internalNodes>
      <leafValues>
        5.5555558204650879e-01 -4.3610548973083496e-01</leafValues></_>
    <_>
      <internalNodes>
        0 -1 3005 -6.2190677970647812e-02</internalNodes>
      <leafValues>
        3.8582974672317505e-01 -4.8899829387664795e-01</leafValues></_>
    <_>
      <internalNodes>
        0 -1 122312 -2.6003643870353699e-03</internalNodes>
      <leafValues>
        5.7998853921890259e-01 -3.2357025146484375e-01</leafValues></_>
    <_>
      <internalNodes>
        0 -1 57397 -5.1418025977909565e-03</internalNodes>
      <leafValues>
        5.7503652572631836e-01 -3.3643621206283569e-01</leafValues></_>
    <_>
      <internalNodes>
        0 -1 17470 -3.2488815486431122e-03</internalNodes>
      <leafValues>
        6.1891877651214600e-01 -3.1091719865798950e-01</leafValues></_>
    <_>
      <internalNodes>
        0 -1 100300 -3.1710885465145111e-02</internalNodes>
      <leafValues>
        -8.7459987401962280e-01 2.3675324022769928e-01</leafValues></_>
    <_>
      <internalNodes>
        0 -1 7945 4.7177532687783241e-03</internalNodes>
      <leafValues>
        -2.4004974961280823e-01 8.5383260250091553e-01</leafValues></_>
    <_>
      <internalNodes>
        0 -1 123910 -2.1763704717159271e-02</internalNodes>
      <leafValues>
        -7.5069880485534668e-01 2.7423331141471863e-01</leafValues></_>
    <_>
      <internalNodes>
        0 -1 118280 5.0710467621684074e-04</internalNodes>
      <leafValues>
        -3.2637643814086914e-01 5.9211879968643188e-01</leafValues></_>
    <_>
      <internalNodes>
        0 -1 112702 5.7111484929919243e-03</internalNodes>
      <leafValues>
        2.6421168446540833e-01 -6.6655868291854858e-01</leafValues></_>
    <_>
      <internalNodes>
        0 -1 14753 -3.0550814699381590e-05</internalNodes>
      <leafValues>
        2.4003374576568604e-01 -5.9158885478973389e-01</leafValues></_>
    <_>
      <internalNodes>
        0 -1 123229 -9.9078128114342690e-03</internalNodes>
      <leafValues>
        5.3944903612136841e-01 -3.0630388855934143e-01</leafValues></_></weakClassifiers></stage6>
</opencv_storage>
