<?xml version="1.0"?>
<opencv_storage>
<stage1>
  <maxWeakCount>8</maxWeakCount>
  <stageThreshold>-1.4570167064666748e+00</stageThreshold>
  <weakClassifiers>
    <_>
      <internalNodes>
        0 -1 26253 -2.7684129774570465e-02</internalNodes>
      <leafValues>
        6.9276511669158936e-01 -5.0592213869094849e-01</leafValues></_>
    <_>
      <internalNodes>
        0 -1 20261 -9.8261579871177673e-02</internalNodes>
      <leafValues>
        6.9779115915298462e-01 -4.0372487902641296e-01</leafValues></_>
    <_>
      <internalNodes>
        0 -1 94721 -2.8423439711332321e-02</internalNodes>
      <leafValues>
        5.7630878686904907e-01 -4.7055035829544067e-01</leafValues></_>
    <_>
      <internalNodes>
        0 -1 6982 -6.7745745182037354e-03</internalNodes>
      <leafValues>
        5.8268779516220093e-01 -4.2673122882843018e-01</leafValues></_>
    <_>
      <internalNodes>
        0 -1 98394 -2.0757429301738739e-02</internalNodes>
      <leafValues>
        3.7339016795158386e-01 -5.2768957614898682e-01</leafValues></_>
    <_>
      <internalNodes>
        0 -1 56488 2.5190952420234680e-01</internalNodes>
      <leafValues>
        -2.4233864247798920e-01 7.2307449579238892e-01</leafValues></_>
    <_>
      <internalNodes>
        0 -1 10844 -2.7332293987274170e-01</internalNodes>
      <leafValues>
        6.3413894176483154e-01 -3.5794675350189209e-01</leafValues></_>
    <_>
      <internalNodes>
        0 -1 122927 -2.0391866564750671e-03</internalNodes>
      <leafValues>
        4.3102768063545227e-01 -4.3929329514503479e-01</leafValues></_></weakClassifiers></stage1>
</opencv_storage>
