<?xml version="1.0"?>
<opencv_storage>
<stage14>
  <maxWeakCount>24</maxWeakCount>
  <stageThreshold>-8.6417973041534424e-01</stageThreshold>
  <weakClassifiers>
    <_>
      <internalNodes>
        0 -1 124300 1.2745545245707035e-03</internalNodes>
      <leafValues>
        -3.5294119268655777e-02 5.1137727499008179e-01</leafValues></_>
    <_>
      <internalNodes>
        0 -1 78153 4.2468644678592682e-02</internalNodes>
      <leafValues>
        -3.8335725665092468e-01 2.3186652362346649e-01</leafValues></_>
    <_>
      <internalNodes>
        0 -1 41354 -7.8727733343839645e-03</internalNodes>
      <leafValues>
        3.1410112977027893e-01 -2.5450539588928223e-01</leafValues></_>
    <_>
      <internalNodes>
        0 -1 37863 -2.4568559601902962e-03</internalNodes>
      <leafValues>
        7.4140930175781250e-01 -8.6392782628536224e-02</leafValues></_>
    <_>
      <internalNodes>
        0 -1 122112 4.7158522647805512e-04</internalNodes>
      <leafValues>
        -2.4302630126476288e-01 2.7000182867050171e-01</leafValues></_>
    <_>
      <internalNodes>
        0 -1 15453 -3.2421618234366179e-03</internalNodes>
      <leafValues>
        -6.6864329576492310e-01 7.5101681053638458e-02</leafValues></_>
    <_>
      <internalNodes>
        0 -1 82169 7.4843943119049072e-02</internalNodes>
      <leafValues>
        -1.1005866527557373e-01 5.6159019470214844e-01</leafValues></_>
    <_>
      <internalNodes>
        0 -1 40762 -5.2311746403574944e-03</internalNodes>
      <leafValues>
        2.5602120161056519e-01 -2.8313589096069336e-01</leafValues></_>
    <_>
      <internalNodes>
        0 -1 73013 -1.7112685600295663e-03</internalNodes>
      <leafValues>
        3.5063502192497253e-01 -2.0516462624073029e-01</leafValues></_>
    <_>
      <internalNodes>
        0 -1 108232 -6.3157943077385426e-04</internalNodes>
      <leafValues>
        1.7835856974124908e-01 -3.7302517890930176e-01</leafValues></_>
    <_>
      <internalNodes>
        0 -1 84897 -4.8300787806510925e-02</internalNodes>
      <leafValues>
        -5.8704614639282227e-01 1.2065756320953369e-01</leafValues></_>
    <_>
      <internalNodes>
        0 -1 116441 2.0928839221596718e-02</internalNodes>
      <leafValues>
        -9.6580155193805695e-02 8.6610990762710571e-01</leafValues></_>
    <_>
      <internalNodes>
        0 -1 28522 -1.1566446628421545e-03</internalNodes>
      <leafValues>
        3.4837985038757324e-01 -1.7948026955127716e-01</leafValues></_>
    <_>
      <internalNodes>
        0 -1 120811 -8.7660625576972961e-03</internalNodes>
      <leafValues>
        -6.5043497085571289e-01 1.0412192344665527e-01</leafValues></_>
    <_>
      <internalNodes>
        0 -1 36266 1.3177843764424324e-02</internalNodes>
      <leafValues>
        -1.4209349453449249e-01 5.3762364387512207e-01</leafValues></_>
    <_>
      <internalNodes>
        0 -1 17905 8.9453835971653461e-04</internalNodes>
      <leafValues>
        1.8060086667537689e-01 -4.1975018382072449e-01</leafValues></_>
    <_>
      <internalNodes>
        0 -1 124990 2.6710564270615578e-03</internalNodes>
      <leafValues>
        8.5394747555255890e-02 -6.5453511476516724e-01</leafValues></_>
    <_>
      <internalNodes>
        0 -1 79729 1.4545451849699020e-02</internalNodes>
      <leafValues>
        -9.6440061926841736e-02 6.6582262516021729e-01</leafValues></_>
    <_>
      <internalNodes>
        0 -1 79678 -2.2024461068212986e-03</internalNodes>
      <leafValues>
        4.6208348870277405e-01 -1.6169251501560211e-01</leafValues></_>
    <_>
      <internalNodes>
        0 -1 54164 7.7597592025995255e-03</internalNodes>
      <leafValues>
        1.1642841249704361e-01 -6.2967216968536377e-01</leafValues></_>
    <_>
      <internalNodes>
        0 -1 63725 -1.5563499182462692e-03</internalNodes>
      <leafValues>
        -7.4468326568603516e-01 7.7478274703025818e-02</leafValues></_>
    <_>
      <internalNodes>
        0 -1 121529 -3.6571952514350414e-03</internalNodes>
      <leafValues>
        8.9576435089111328e-01 -8.2199022173881531e-02</leafValues></_>
    <_>
      <internalNodes>
        0 -1 113171 -4.7933146357536316e-02</internalNodes>
      <leafValues>
        -5.2079236507415771e-01 1.2680937349796295e-01</leafValues></_>
    <_>
      <internalNodes>
        0 -1 72042 2.2936612367630005e-03</internalNodes>
      <leafValues>
        -2.4186831712722778e-01 2.5468903779983521e-01</leafValues></_></weakClassifiers></stage14>
</opencv_storage>
